{"n_tokens_title": 10.398748864897588, "n_tokens_content": 546.514731106851, "n_unique_tokens": 0.5482157168486131, "n_non_stop_words": 0.9964685654578609, "n_non_stop_unique_tokens": 0.6891753940079294, "num_hrefs": 10.883689839572192, "num_self_hrefs": 3.2936383815962063, "num_imgs": 4.544142871556856, "num_videos": 1.2498738775098375, "average_token_length": 4.548239318341828, "num_keywords": 7.223766522046211, "data_channel_is_lifestyle": 0.05294622137019473, "data_channel_is_entertainment": 0.17800928261527596, "data_channel_is_bus": 0.15785490868731714, "data_channel_is_socmed": 0.0585965089294723, "data_channel_is_tech": 0.1852991625466653, "data_channel_is_world": 0.21256684491978609, "kw_min_min": 26.10680052466956, "kw_max_min": 1153.9516822217738, "kw_avg_min": 312.36696679715334, "kw_min_max": 13612.35410150338, "kw_max_max": 752324.0666935728, "kw_avg_max": 259281.93808264728, "kw_min_avg": 1117.1466099698362, "kw_max_avg": 5657.211151064957, "kw_avg_avg": 3135.8586389465236, "self_reference_min_shares": 3998.7553955201292, "self_reference_max_shares": 10329.212661941277, "self_reference_avg_sharess": 6401.697579821467, "weekday_is_monday": 0.16802038139441025, "weekday_is_tuesday": 0.18640904046009485, "weekday_is_wednesday": 0.18754414287155685, "weekday_is_thursday": 0.18330642720209867, "weekday_is_friday": 0.14380486328322067, "weekday_is_saturday": 0.06187569367369589, "weekday_is_sunday": 0.06903945111492281, "is_weekend": 0.1309151447886187, "LDA_00": 0.18459904828385124, "LDA_01": 0.1412557731283032, "LDA_02": 0.21632096677306634, "LDA_03": 0.22376961651356772, "LDA_04": 0.2340293708031828, "global_subjectivity": 0.443370199550738, "global_sentiment_polarity": 0.11930926928571745, "global_rate_positive_words": 0.039624833009040954, "global_rate_negative_words": 0.016612119534643015, "rate_positive_words": 0.6821502211003009, "rate_negative_words": 0.2879335242331674, "avg_positive_polarity": 0.35382494340707155, "min_positive_polarity": 0.09544553807024497, "max_positive_polarity": 0.7567275436995321, "avg_negative_polarity": -0.25952414109091815, "min_negative_polarity": -0.5219437277484054, "max_negative_polarity": -0.10750024015634482, "title_subjectivity": 0.2823531841135628, "title_sentiment_polarity": 0.07142543197593561, "abs_title_subjectivity": 0.34184275596034774, "abs_title_sentiment_polarity": 0.1560636628565405}